Page ID,Keyword,City,URL Slug,Priority,Status,Creation Date,Industry Focus,Target Audience,Unique Value Prop,Estimated Traffic,Competition Level,Content Research Required,Integration Requirements,Lead Magnet Title,Lead Magnet Pages,Lead Magnet Value,Lead Magnet Status
1,автоматизация документооборота,Москва,avtomatizatsiya-dokumentooborota,1,COMPLETED,2025-09-22,All Industries,SMB + Enterprise,OCR + ИИ + 1С integration,High,Medium,Completed,1С ERP CRM systems,Руководство по автоматизации документооборота,50,150 тыс ₽,NEEDED
2,внедрение ИИ в производство,Москва,vnedrenie-ii-v-proizvodstvo-moskva,1,COMPLETED,2025-09-23,Manufacturing,Industrial companies,Industry 4.0 + IoT + Predictive,High,Low,Completed,MES ERP IoT systems,Руководство по внедрению ИИ в производство,65,250 тыс ₽,NEEDED
3,чат-боты для бизнеса,Москва,business-chatbots-moscow,1,COMPLETED,2025-09-23,E-commerce + Services,Customer service teams,24/7 automation + 70% cost reduction,Very High,High,Completed,CRM WhatsApp Telegram,Руководство по внедрению бизнес чат-ботов,45,120 тыс ₽,NEEDED
4,аудит бизнес-процессов ИИ,Москва,audit-biznes-protsessov-ii-moskva,1,COMPLETED,2025-09-23,Consulting,Process managers,Free audit + actionable insights,Medium,Low,Completed,Process mining tools,Руководство по аудиту бизнес-процессов с ИИ,55,180 тыс ₽,NEEDED
5,автоматизация HR процессов,Москва,avtomatizatsiya-hr-protsessov-moskva,1,COMPLETED,2025-09-23,HR Tech,HR departments,ATS + Resume parsing + compliance,Medium,Medium,Completed,Russian HR platforms,Руководство по автоматизации HR процессов,60,200 тыс ₽,NEEDED
6,ИИ для финансовых организаций,Москва,ii-dlya-finansovyh-organizatsiy,2,COMPLETED,2025-09-23,FinTech,Banks Insurance,ЦБ РФ compliance + fraud detection,High,Medium,Completed,Core banking systems,Руководство по внедрению ИИ в банках,70,300 тыс ₽,NEEDED
7,автоматизация в здравоохранении,Москва,avtomatizatsiya-v-zdravoohranenii,2,COMPLETED,2025-09-23,HealthTech,Medical institutions,МИС integration + diagnostics,Medium,Low,Completed,Russian МИС systems,Руководство по цифровизации здравоохранения,55,180 тыс ₽,NEEDED
8,ИИ решения для ритейла,Москва,ii-resheniya-dlya-riteyla,2,PLANNED,,Retail,Retail chains,Personalization + demand forecasting,High,High,Required,POS loyalty systems,Руководство по ИИ в ритейле,60,220 тыс ₽,NEEDED
9,автоматизация документооборота,Санкт-Петербург,avtomatizatsiya-dokumentooborota-spb,3,PLANNED,,All Industries,SMB + Enterprise,Regional adaptation + local cases,Medium,Low,Required,1С ERP CRM systems,Руководство по СЭД для СПб бизнеса,50,150 тыс ₽,NEEDED
10,внедрение ИИ,Екатеринбург,vnedrenie-ii-ekaterinburg,3,PLANNED,,Manufacturing,Industrial companies,Ural region manufacturing focus,Medium,Low,Required,Industrial systems,Руководство по ИИ для Урала,55,180 тыс ₽,NEEDED
11,чат-боты для бизнеса,Новосибирск,chat-boty-dlya-biznesa-novosibirsk,3,PLANNED,,Tech + Services,IT companies,Siberian tech hub focus,Medium,Low,Required,CRM messaging platforms,Чат-боты для сибирского бизнеса,40,120 тыс ₽,NEEDED
12,ИИ консалтинг,Краснодар,ii-konsalting-krasnodar,3,PLANNED,,Agribusiness,Agricultural companies,AgTech + food processing,Low,Low,Required,Agricultural systems,ИИ решения для агробизнеса,45,150 тыс ₽,NEEDED
13,компьютерное зрение для производства,Москва,kompyuternoe-zrenie-dlya-proizvodstva,4,PLANNED,,Manufacturing,Quality control teams,Industrial vision + defect detection,Medium,Low,Required,Industrial cameras PLCs,Руководство по компьютерному зрению,50,180 тыс ₽,NEEDED
14,NLP обработка документов,Москва,nlp-obrabotka-dokumentov,4,PLANNED,,Legal + Finance,Document processing teams,Contract analysis + compliance,Medium,Low,Required,Document management systems,NLP для юристов и финансистов,45,160 тыс ₽,NEEDED
15,предиктивная аналитика для логистики,Москва,prediktivnaya-analitika-dlya-logistiki,4,PLANNED,,Logistics,Supply chain managers,Route optimization + demand forecasting,Medium,Medium,Required,WMS TMS systems,Предиктивная логистика с ИИ,55,200 тыс ₽,NEEDED
16,автоматизация закупок ИИ,Москва,avtomatizatsiya-zakupok-ii,4,PLANNED,,Procurement,Procurement departments,Supplier analysis + cost optimization,Low,Low,Required,ERP procurement modules,Умные закупки с ИИ,40,140 тыс ₽,NEEDED
17,ИИ для управления рисками,Москва,ii-dlya-upravleniya-riskami,4,PLANNED,,Risk Management,Risk managers,Predictive risk modeling + compliance,Medium,Low,Required,GRC risk management systems,Управление рисками с ИИ,50,170 тыс ₽,NEEDED